,RMSE,MAE,R2,MSE,Training_Time
Linear Regression,15397.25995064045,12289.169352799177,0.9488656678945712,237075613.98759633,0.020126819610595703
Random Forest,16482.231697888947,13150.146332761795,0.941405381147449,271663961.7428952,17.776390552520752
XGBoost,16057.03171777938,12751.566015509863,0.944389572427352,257828267.58577302,0.17038226127624512
Gradient Boosting,15777.329302186283,12608.7477191322,0.9463100889947443,248924119.90962592,4.402437925338745
Support Vector,68805.41771497438,52582.51613809727,-0.021106346150135735,4734185506.93211,11.448103666305542
