,RMSE,MAE,R2,MSE
Linear Regression,12905.717299025846,10039.621535115999,0.9865672607875924,166557539.00237498
Random Forest,12595.569500368887,8128.988549469724,0.9872051291859882,158648371.03862295
XGBoost,15731.294588518136,9302.798448087071,0.980041439456885,247473629.43074
Gradient Boosting,12992.103195184058,8450.291835657887,0.9863868317854317,168794745.4343118
Support Vector,119144.8033484983,91886.11761251165,-0.1448550328241085,14195484164.952332
